COS;CITY;dl_address
FO;Jakarta;fieldops.all@ext.homecredit.co.id
PT;-;-
GS;-;-
CRS;Jakarta;deskcrs@ext.homecredit.co.id
OPS;-;-
SO;Jakarta;trainingadmin.pt@ext.homecredit.co.id
EX;no_DL;No_DL
SA;Jakarta;sa.jakarta@ext.homecredit.co.id
SA;bandung;sa.bandung@ext.homecredit.co.id
SA;surabaya;sa.surabaya@ext.homecredit.co.id
SA;makassar;sa.makassar@ext.homecredit.co.id
SA;semarang;sa.semarang@ext.homecredit.co.id
SA;yogyakarta;sa.yogyakarta@ext.homecredit.co.id
SA;denpasar;sa.denpasar@ext.homecredit.co.id
SA;malang;sa.malang@ext.homecredit.co.id
SA;pekanbaru;sa.pekanbaru@ext.homecredit.co.id
SA;palembang;sa.palembang@ext.homecredit.co.id
SA;medan;sa.medan@ext.homecredit.co.id
SA;batam;sa.batam@ext.homecredit.co.id
SA;pontianak;sa.pontianak@ext.homecredit.co.id
SA;banjarmasin;sa.banjarmasin@ext.homecredit.co.id
SA;balikpapan;sa.balikpapan@ext.homecredit.co.id
SA;manado;sa.manado@ext.homecredit.co.id
SA;mataram;sa.mataram@ext.homecredit.co.id
SA;lampung;sa.lampung@ext.homecredit.co.id
SA;samarinda;sa.samarinda@ext.homecredit.co.id
SA;padang;sa.padang@ext.homecredit.co.id
SA;jambi;sa.jambi@ext.homecredit.co.id
SA;palu;sa.palu@ext.homecredit.co.id
SA;cirebon;sa.cirebon@ext.homecredit.co.id
SA;kediri;sa.kediri@ext.homecredit.co.id
SA;pangkal pinang;sa.pangkalpinang@ext.homecredit.co.id
SA;bengkulu;sa.bengkulu@ext.homecredit.co.id
SA;kendari;sa.kendari@ext.homecredit.co.id
SA;gorontalo;sa.gorontalo@ext.homecredit.co.id
SA;ambon;sa.ambon@ext.homecredit.co.id
SA;kupang;sa.kupang@ext.homecredit.co.id
SA;bogor;sa.bogor@ext.homecredit.co.id
DSM;Jakarta;dsm.jakarta@ext.homecredit.co.id
DSM;bandung;dsm.bandung@ext.homecredit.co.id
DSM;surabaya;dsm.surabaya@ext.homecredit.co.id
DSM;makassar;dsm.makasdsmr@ext.homecredit.co.id
DSM;semarang;dsm.semarang@ext.homecredit.co.id
DSM;yogyakarta;dsm.yogyakarta@ext.homecredit.co.id
DSM;denpasar;dsm.denpadsmr@ext.homecredit.co.id
DSM;malang;dsm.malang@ext.homecredit.co.id
DSM;pekanbaru;dsm.pekanbaru@ext.homecredit.co.id
DSM;palembang;dsm.palembang@ext.homecredit.co.id
DSM;medan;dsm.medan@ext.homecredit.co.id
DSM;batam;dsm.batam@ext.homecredit.co.id
DSM;pontianak;dsm.pontianak@ext.homecredit.co.id
DSM;banjarmasin;dsm.banjarmasin@ext.homecredit.co.id
DSM;balikpapan;dsm.balikpapan@ext.homecredit.co.id
DSM;manado;dsm.manado@ext.homecredit.co.id
DSM;mataram;dsm.mataram@ext.homecredit.co.id
DSM;lampung;dsm.lampung@ext.homecredit.co.id
DSM;samarinda;dsm.dsmmarinda@ext.homecredit.co.id
DSM;padang;dsm.padang@ext.homecredit.co.id
DSM;jambi;dsm.jambi@ext.homecredit.co.id
DSM;palu;dsm.palu@ext.homecredit.co.id
DSM;cirebon;dsm.cirebon@ext.homecredit.co.id
DSM;kediri;dsm.kediri@ext.homecredit.co.id
DSM;pangkal pinang;dsm.pangkalpinang@ext.homecredit.co.id
DSM;bengkulu;dsm.bengkulu@ext.homecredit.co.id
DSM;kendari;dsm.kendari@ext.homecredit.co.id
DSM;gorontalo;dsm.gorontalo@ext.homecredit.co.id
DSM;ambon;dsm.ambon@ext.homecredit.co.id
DSM;kupang;dsm.kupang@ext.homecredit.co.id
DSM;bogor;dsm.bogor@ext.homecredit.co.id
FC;Jakarta;fieldcollector.jkt@ext.homecredit.co.id
FC;bandung;fieldcollector.bdg@ext.homecredit.co.id
FC;surabaya;fieldcollector.sby@ext.homecredit.co.id
FC;makassar;fieldcollector.mks@ext.homecredit.co.id
FC;semarang;fieldcollector.smg@ext.homecredit.co.id
FC;yogyakarta;fieldcollector.jog@ext.homecredit.co.id
FC;denpasar;fieldcollector.dpr@ext.homecredit.co.id
FC;malang;fieldcollector.mlg@ext.homecredit.co.id
FC;pekanbaru;fieldcollector.pkb@ext.homecredit.co.id
FC;palembang;fieldcollector.plb@ext.homecredit.co.id
FC;medan;fieldcollector.mdn@ext.homecredit.co.id
FC;batam;fieldcollector.btm@ext.homecredit.co.id
FC;banjarmasin;fieldcollector.bjm@ext.homecredit.co.id
FC;manado;fieldcollector.mnd@ext.homecredit.co.id
FC;balikpapan;fieldcollector.bpp@ext.homecredit.co.id
FC;pontianak;fieldcollector.ptk@ext.homecredit.co.id
FC;mataram;fieldcollector.mtr@ext.homecredit.co.id
FC;lampung;fieldcollector.lpg@ext.homecredit.co.id
FC;semarang;fieldcollector.smr@ext.homecredit.co.id
FC;padang;fieldcollector.pdg@ext.homecredit.co.id
FC;jambi;fieldcollector.jmb@ext.homecredit.co.id
FC;palu;fieldcollector.plu@ext.homecredit.co.id
FC;cirebon;fieldcollector.crb@ext.homecredit.co.id
FC;kediri;fieldcollector.kdi@ext.homecredit.co.id
FC;pangkal pinang;fieldcollector.ppi@ext.homecredit.co.id
FC;bengkulu;fieldcollector.bkl@ext.homecredit.co.id
FC;kendari;fieldcollector.knd@ext.homecredit.co.id
FC;gorontalo;fieldcollector.gor@ext.homecredit.co.id
FC;ambon;fieldcollector.abn@ext.homecredit.co.id
FC;kupang;fieldcollector.kpg@ext.homecredit.co.id
